Category, Label
Navigation, Stores
Navigation, Storytelling
Navigation, Activities
Navigation, BookLaunches
Navigation,MeetAuthors
Navigation,Webinar
Promotion, BSLRedemption
Promotion, Survey
Promotion, Subscription
referral, AdeptLearning
referral,WorldScientific
referral,PustakaNasional
referral,BanjoAndSons
referral,CandidCreation
referral,Casco
referral,ilovereading
referral,Landmarkbooks
referral,NurtureCraft
referral,EnglishCorner
referral,JsimEducation
referral,AsiapacBooks
referral,ShingLee
