Publishers,Links,Main
Adept Learning,https://adept-learning.com/shop/,https://adept-learning.com/shop/?utm_source=mainpage&utm_medium=banner&utm_campaign=Singapore%20Book%20Bazaar
World Scientific Publishing Co,https://www.worldscientific.com,https://www.worldscientific.com?utm_source=mainpage&utm_medium=banner&utm_campaign=Singapore%20Book%20Bazaar
Pustaka Nasional,http://www.pustaka.com.sg/kedai/,http://www.pustaka.com.sg/kedai/?utm_source=mainpage&utm_medium=banner&utm_campaign=Singapore%20Book%20Bazaar
Banjo & Sons,https://shopee.sg/joscreations,https://shopee.sg/joscreations
Candid Creation Publishing,http://candidcreation.com/bookshop/,http://candidcreation.com/bookshop/?utm_source=mainpage&utm_medium=banner&utm_campaign=Singapore%20Book%20Bazaar
Casco Publications,https://shopee.sg/cascosg,https://shopee.sg/cascosg
ilovereading.sg,https://ilovereading.sg/i/,https://ilovereading.sg/i/
Landmark Books,https://www.goguru.com.sg,https://www.goguru.com.sg?utm_source=mainpage&utm_medium=banner&utm_campaign=Singapore%20Book%20Bazaar
Nurture Craft International,https://www.nurturecraft.com/nc/,https://www.nurturecraft.com/nc/?utm_source=mainpage&utm_medium=banner&utm_campaign=Singapore%20Book%20Bazaar
English Corner Publishing ,https://www.englishcorner.sg,https://www.englishcorner.sg?utm_source=mainpage&utm_medium=banner&utm_campaign=Singapore%20Book%20Bazaar
Jsim Education,https://www.facebook.com/jsimeducation/,https://www.facebook.com/jsimeducation/
Asiapac Books,http://asiapacbooks.com,http://asiapacbooks.com?utm_source=mainpage&utm_medium=banner&utm_campaign=Singapore%20Book%20Bazaar
Shing Lee Publishers,https://sl-education.myshopify.com/,https://sl-education.myshopify.com/?utm_source=mainpage&utm_medium=banner&utm_campaign=Singapore%20Book%20Bazaar