Category, Label
Navigation,Stores
Navigation,Storytelling
Navigation,Activities
Navigation,BookLaunches
Navigation,MeetAuthors
Navigation,Webinar
Promotion,BSLRedemption
Promotion,Survey
Promotion,Subscription
referral,AdeptLearning
referral,WorldScientific
referral,PustakaNasional
referral,BanjoAndSons
referral,CandidCreation
referral,Casco
referral,ilovereading
referral,Landmarkbooks
referral,NurtureCraft
referral,EnglishCorner
referral,JsimEducation
referral,AsiapacBooks
referral,ShingLee
Redirect,Facebook-JuneHo
Redirect,YouTube-EddieChan
Redirect,YouTube-RosieWee
Redirect,Webinar-CLASS
Redirect,Webinar-SBA
Redirect,Webinar-CreatingVideoAssets
Redirect,BookLaunches-ChinasChanges
Redirect,BookLaunches-ChinatownUnspoken
Redirect,BookLaunches-TheHeartRemembers
Redirect,BookLaunches-ElizebethChoy
Redirect,BookLaunches-SimplyRead
Redirect,BookLaunches-Friends
Redirect,YouTube-DIYCraftIdeasforkids
Redirect,YouTube-CreativeDrawingHacksForKids
Redirect,YouTube-HowToDrawADragon
Redirect,YouTube-FunCraftsWithCardboard
Redirect,YouTube-MakingPaperCraftOfWanKenitAndBangau
Redirect,YouTube-HowToMakeAnAnimalForm