Publishers,Links,Main,Image
Adept Learning,https://adept-learning.com/shop/,https://adept-learning.com/shop/?utm_source=mainpage&utm_medium=banner&utm_campaign=Singapore%20Book%20Bazaar,http://www.singaporebookpublishers.sg/documents/sbpa_SBB2020-AdeptLearning.JPG
World Scientific Publishing Co,https://www.worldscientific.com,https://www.worldscientific.com?utm_source=mainpage&utm_medium=banner&utm_campaign=Singapore%20Book%20Bazaar,http://www.singaporebookpublishers.sg/documents/sbpa_SBB2020-WorldScientific.JPG
Pustaka Nasional,http://www.pustaka.com.sg/kedai/,http://www.pustaka.com.sg/kedai/?utm_source=mainpage&utm_medium=banner&utm_campaign=Singapore%20Book%20Bazaar,http://www.singaporebookpublishers.sg/documents/sbpa_SBB2020-PustakaNasional.JPG
Banjo & Sons,https://shopee.sg/joscreations,https://shopee.sg/joscreations,http://www.singaporebookpublishers.sg/documents/sbpa_SBB2020-BanjoAndSons.JPG
Candid Creation Publishing,http://candidcreation.com/bookshop/,http://candidcreation.com/bookshop/?utm_source=mainpage&utm_medium=banner&utm_campaign=Singapore%20Book%20Bazaar,http://www.singaporebookpublishers.sg/documents/sbpa_SBB2020-CandidCreation.JPG
Casco Publications,https://shopee.sg/cascosg,https://shopee.sg/cascosg,http://www.singaporebookpublishers.sg/documents/sbpa_SBB2020-Casco.JPG
ilovereading.sg,https://ilovereading.sg/i/,https://ilovereading.sg/i/,http://www.singaporebookpublishers.sg/documents/sbpa_SBB2020-ilovereading.JPG
Landmark Books,https://www.goguru.com.sg,https://www.goguru.com.sg?utm_source=mainpage&utm_medium=banner&utm_campaign=Singapore%20Book%20Bazaar,http://www.singaporebookpublishers.sg/documents/sbpa_SBB2020-LandmarkBooks.JPG
Nurture Craft International,https://www.nurturecraft.com/nc/,https://www.nurturecraft.com/nc/?utm_source=mainpage&utm_medium=banner&utm_campaign=Singapore%20Book%20Bazaar,http://www.singaporebookpublishers.sg/documents/sbpa_SBB2020-NurtureCraft.JPG
English Corner Publishing ,https://www.englishcorner.sg,https://www.englishcorner.sg?utm_source=mainpage&utm_medium=banner&utm_campaign=Singapore%20Book%20Bazaar,http://www.singaporebookpublishers.sg/documents/sbpa_SBB2020-EnglishCorner.JPG
Jsim Education,https://www.facebook.com/jsimeducation/,https://www.facebook.com/jsimeducation/,http://www.singaporebookpublishers.sg/documents/sbpa_SBB2020-JsimEducation.JPG
Asiapac Books,http://asiapacbooks.com,http://asiapacbooks.com?utm_source=mainpage&utm_medium=banner&utm_campaign=Singapore%20Book%20Bazaar,http://www.singaporebookpublishers.sg/documents/sbpa_SBB2020-Asiapac.JPG
Shing Lee Publishers,https://sl-education.myshopify.com/,https://sl-education.myshopify.com/?utm_source=mainpage&utm_medium=banner&utm_campaign=Singapore%20Book%20Bazaar,http://www.singaporebookpublishers.sg/documents/sbpa_SBB2020-ShingLee.JPG
,,,
,,,
BSL Redeption,https://forms.gle/AWvk74a1LaSk1uvh6,,http://www.singaporebookpublishers.sg/documents/sbpa_SBB2020-BSLRedemption.JPG
Survey,https://forms.gle/6acTq7rGVSyyz2Wc9,,http://www.singaporebookpublishers.sg/documents/sbpa_SBB2020-Survey.JPG
Subscribe,https://forms.gle/2W14F4NgypWgnbnN7,,http://www.singaporebookpublishers.sg/documents/sbpa_SBB2020-Subscribe.JPG
Storytelling,http://singaporebookpublishers.sg/page/SingaporeBookBazaar2020-storytelling,,http://www.singaporebookpublishers.sg/documents/sbpa_SBB2020_Stores-Storytelling.JPG