Title, Links
Luminous Sword,http://www.singaporebookpublishers.sg/documents/sbpa_SBB2020_Storytelling-LuminousSword.JPG
Homeless,http://www.singaporebookpublishers.sg/documents/sbpa_SBB2020_Storytelling-Homeless.JPG
Penghuni Rumah Tua,http://www.singaporebookpublishers.sg/documents/sbpa_SBB2020_Storytelling-PenghuniRumahTua.JPG
Counting Sheep,http://www.singaporebookpublishers.sg/documents/sbpa_SBB2020_Storytelling-CountingShip.JPG
The Angel Tiger,http://www.singaporebookpublishers.sg/documents/sbpa_SBB2020_Storytelling-TheAngelTiger.JPG
How To Build A Dragon,http://www.singaporebookpublishers.sg/documents/sbpa_SBB2020_Storytelling-HowToBuildADragon.JPG
The Way of Kueh,http://www.singaporebookpublishers.sg/documents/sbpa_SBB2020_Storytelling-TheWayOfKueh.JPG
Fall Baby,http://www.singaporebookpublishers.sg/documents/sbpa_SBB2020_Storytelling-FallBaby.JPG
Storytelling by Landmark Books,http://www.singaporebookpublishers.sg/documents/sbpa_SBB2020_Storytelling-StorytellingByLandmarkBooks.jpg
Schedule,http://www.singaporebookpublishers.sg/documents/sbpa_SBB2020_Storytelling-Schedule.jpg